Title,NumberTrack_forEachAlbum
Greatest Hits,57
Minha Historia,34
Unplugged,30
Lost Season 3',26
The Office Season 3',25
Lost Season 1',25
My Way: The Best Of Frank Sinatra [Disc 1],24
'Lost,24
'Battlestar Galactica (Classic),24
Instant Karma: The Amnesty International Campaign to Save Darfur,23
'Heroes,23
Afrociberdelia,23
'Up An'' Atom',22
The Office,22
Acústico,22
International Superhits,21
Acústico MTV,21
Sex Machine,20
My Generation - The Very Best Of The Who,20
Greatest Kiss,20
